貸出,2025-05-22 09:27:55,Mobile-battery-M4,picture\Mobile-battery-M4_2025-05-22 09-27-55.png
返却,2025-05-22 09:35:40,Mobile-battery-M4,picture\Mobile-battery-M4_inner_2025-05-22 09-35-40.png
貸出,2025-05-22 09:37:39,Mobile-battery-M4,picture\Mobile-battery-M4_inner_2025-05-22 09-37-39.png
返却,2025-05-22 09:37:54,Mobile-battery-M4,picture\Mobile-battery-M4_inner_2025-05-22 09-37-54.png
貸出,2025-05-22 09:42:06,Mobile-battery-M4,picture\Mobile-battery-M4_inner_2025-05-22 09-42-06.png
返却,2025-05-22 09:42:32,Mobile-battery-M4,picture/Mobile-battery-M4_inner_2025-05-22 09-42-32.png
貸出,2025-05-22 09:42:39,Mobile-battery-M4,picture/Mobile-battery-M4_inner_2025-05-22 09-42-39.png
返却,2025-05-22 09:43:14,Mobile-battery-M4,picture/Mobile-battery-M4_inner_2025-05-22 09-43-14.png
貸出,2025-05-22 09:43:17,Mobile-battery-M4,picture/Mobile-battery-M4_inner_2025-05-22 09-43-17.png
返却,2025-05-22 09:43:39,Mobile-battery-M4,picture\Mobile-battery-M4_2025-05-22 09-43-39.png
貸出,2025-05-22 09:43:45,Mobile-battery-M4,picture\Mobile-battery-M4_2025-05-22 09-43-45.png
返却,2025-05-22 09:44:14,Mobile-battery-M4,picture/Mobile-battery-M4_inner_2025-05-22 09-44-14.png
貸出,2025-05-22 09:45:19,Mobile-battery-M4,picture/Mobile-battery-M4_inner_2025-05-22 09-45-19.png
返却,2025-05-22 09:45:23,Mobile-battery-M4,picture/Mobile-battery-M4_inner_2025-05-22 09-45-23.png
貸出,2025-05-22 09:45:32,Mobile-battery-M4,picture\Mobile-battery-M4_2025-05-22 09-45-32.png
返却,2025-05-22 09:45:45,Mobile-battery-M4,picture\Mobile-battery-M4_2025-05-22 09-45-45.png
貸出,2025-05-22 09:46:15,Mobile-battery-M4,picture\Mobile-battery-M4_2025-05-22 09-46-15.png
返却,2025-05-22 09:46:22,Mobile-battery-M4,picture\Mobile-battery-M4_2025-05-22 09-46-22.png
貸出,2025-05-22 09:48:45,Mobile-battery-M4,picture\Mobile-battery-M4_2025-05-22 09-48-45.png
返却,2025-05-22 09:52:55,Mobile-battery-M4,picture\Mobile-battery-M4_2025-05-22 09-52-55.png
貸出,2025-05-22 09:52:57,Mobile-battery-M4,picture\Mobile-battery-M4_2025-05-22 09-52-57.png
返却,2025-05-22 09:53:02,Mobile-battery-M4,picture\Mobile-battery-M4_2025-05-22 09-53-02.png
返却,2025-05-22 09:53:08,Mobile-battery-M4,picture\Mobile-battery-M4_2025-05-22 09-53-08.png
貸出,2025-05-22 09:53:14,Mobile-battery-M4,picture\Mobile-battery-M4_2025-05-22 09-53-14.png
貸出,2025-05-22 09:53:16,Mobile-battery-M4,picture\Mobile-battery-M4_2025-05-22 09-53-16.png
貸出,2025-05-22 09:53:21,Mobile-battery-M4,picture\Mobile-battery-M4_2025-05-22 09-53-21.png
返却,2025-05-22 09:53:40,Mobile-battery-M4,picture\Mobile-battery-M4_2025-05-22 09-53-40.png
貸出,2025-05-22 09:53:42,Mobile-battery-M4,picture\Mobile-battery-M4_2025-05-22 09-53-42.png
返却,2025-05-22 09:53:51,Mobile-battery-M4,picture\Mobile-battery-M4_2025-05-22 09-53-51.png
貸出,2025-05-22 09:53:55,Mobile-battery-M4,picture\Mobile-battery-M4_2025-05-22 09-53-55.png
返却,2025-05-22 09:54:56,Mobile-battery-M4,picture\Mobile-battery-M4_2025-05-22 09-54-56.png
貸出,2025-05-22 09:55:01,Mobile-battery-M4,picture\Mobile-battery-M4_2025-05-22 09-55-01.png
